-- 1. Insert data untuk tabel employees (20 employees)
INSERT INTO employees (emp_no, birth_date, first_name, last_name, gender, hire_date) VALUES
(1001, '1985-03-15', 'Ahmad', 'Hidayat', 'M', '2018-03-15'),
(1002, '1990-06-21', 'Budi', 'Santoso', 'M', '2019-06-21'),
(1003, '1988-11-30', 'Citra', 'Wijaya', 'F', '2017-11-30'),
(1004, '1992-02-14', 'Dewi', 'Rahayu', 'F', '2020-02-14'),
(1005, '1983-09-03', 'Eko', 'Prasetyo', 'M', '2015-09-03'),
(1006, '1991-08-11', 'Fajar', 'Nugroho', 'M', '2019-08-11'),
(1007, '1993-01-05', 'Gita', 'Sari', 'F', '2021-01-05'),
(1008, '1987-07-22', 'Hendra', 'Kurniawan', 'M', '2016-07-22'),
(1009, '1989-12-10', 'Indah', 'Permatasari', 'F', '2018-12-10'),
(1010, '1980-05-27', 'Joko', 'Widodo', 'M', '2014-05-27'),
(1011, '1994-09-18', 'Kartika', 'Dewi', 'F', '2020-09-18'),
(1012, '1986-04-25', 'Lukman', 'Hakim', 'M', '2017-04-25'),
(1013, '1991-11-08', 'Maya', 'Sari', 'F', '2019-11-08'),
(1014, '1984-12-01', 'Nugraha', 'Pratama', 'M', '2015-12-01'),
(1015, '1995-03-17', 'Oki', 'Setiawan', 'M', '2021-03-17'),
(1016, '1990-07-29', 'Putri', 'Lestari', 'F', '2018-07-29'),
(1017, '1988-06-12', 'Rizki', 'Ramadhan', 'M', '2020-06-12'),
(1018, '1987-08-19', 'Sari', 'Indah', 'F', '2016-08-19'),
(1019, '1989-04-03', 'Taufik', 'Hidayat', 'M', '2019-04-03'),
(1020, '1992-10-09', 'Wulan', 'Anggraeni', 'F', '2017-10-09');

-- 2. Insert data untuk tabel departments
INSERT INTO departments (dept_no, dept_name) VALUES
('I001', 'IT'),
('F001', 'Finance'),
('M001', 'Marketing'),
('H001', 'HR'),
('O001', 'Operations'),
('S001', 'Sales');

-- 3. Insert data untuk tabel dept_emp (1 employee bisa di 2+ department)
INSERT INTO dept_emp (emp_no, dept_no, from_date, to_date) VALUES
-- Employee 1001 (2 departments)
(1001, 'I001', '2018-03-15', '2020-12-31'),
(1001, 'S001', '2021-01-01', null),

-- Employee 1002 (2 departments)
(1002, 'F001', '2019-06-21', '2021-12-31'),
(1002, 'O001', '2022-01-01', null),

-- Employee 1003 (1 department)
(1003, 'M001', '2017-11-30', null),

-- Employee 1004 (2 departments)
(1004, 'H001', '2020-02-14', '2022-06-30'),
(1004, 'M001', '2022-07-01', null),

-- Employee 1005 (1 department)
(1005, 'O001', '2015-09-03', null),

-- Employee 1006 (2 departments)
(1006, 'I001', '2019-08-11', '2021-05-31'),
(1006, 'S001', '2021-06-01', null),

-- Employee 1007 (1 department)
(1007, 'F001', '2021-01-05', null),

-- Employee 1008 (2 departments)
(1008, 'I001', '2016-07-22', '2019-03-31'),
(1008, 'O001', '2019-04-01', null),

-- Employee 1009 (1 department)
(1009, 'H001', '2018-12-10', null),

-- Employee 1010 (1 department)
(1010, 'I001', '2014-05-27', null),

-- Employee 1011 (2 departments)
(1011, 'M001', '2020-09-18', '2022-02-28'),
(1011, 'S001', '2022-03-01', null),

-- Employee 1012 (1 department)
(1012, 'F001', '2017-04-25', null),

-- Employee 1013 (1 department)
(1013, 'S001', '2019-11-08', null),

-- Employee 1014 (2 departments)
(1014, 'O001', '2015-12-01', '2018-11-30'),
(1014, 'I001', '2018-12-01', null),

-- Employee 1015 (1 department)
(1015, 'I001', '2021-03-17', '9999-01-01'),

-- Employee 1016 (1 department)
(1016, 'H001', '2018-07-29', null),

-- Employee 1017 (2 departments)
(1017, 'I001', '2020-06-12', '2022-08-31'),
(1017, 'M001', '2022-09-01', null),

-- Employee 1018 (1 department)
(1018, 'O001', '2016-08-19', null),

-- Employee 1019 (2 departments)
(1019, 'I001', '2019-04-03', '2021-09-30'),
(1019, 'S001', '2021-10-01', null),

-- Employee 1020 (2 departments)
(1020, 'H001', '2017-10-09', '2020-04-30'),
(1020, 'F001', '2020-05-01', null);

-- 4. Insert data untuk tabel dept_manager
INSERT INTO dept_manager (dept_no, emp_no, from_date, to_date) VALUES
('I001', 1010, '2014-05-27', null),
('F001', 1012, '2017-04-25', null),
('M001', 1003, '2020-01-01', null),
('H001', 1016, '2018-07-29', null),
('O001', 1005, '2015-09-03', null),
('S001', 1013, '2021-01-01', null);

-- 5. Insert data untuk tabel titles (1 employee bisa 2+ title)
INSERT INTO titles (emp_no, title, from_date, to_date) VALUES
-- Employee 1001 (2 titles)
(1001, 'Software Engineer', '2018-03-15', '2020-03-14'),
(1001, 'Senior Software Engineer', '2020-03-15', null),

-- Employee 1002 (2 titles)
(1002, 'Accountant', '2019-06-21', '2021-06-20'),
(1002, 'Senior Accountant', '2021-06-21', null),

-- Employee 1003 (3 titles)
(1003, 'Marketing Coordinator', '2017-11-30', '2019-11-29'),
(1003, 'Marketing Specialist', '2019-11-30', '2021-11-29'),
(1003, 'Marketing Manager', '2021-11-30', null),

-- Employee 1004 (2 titles)
(1004, 'HR Assistant', '2020-02-14', '2022-02-13'),
(1004, 'HR Specialist', '2022-02-14', null),

-- Employee 1005 (2 titles)
(1005, 'Operations Supervisor', '2015-09-03', '2018-09-02'),
(1005, 'Operations Manager', '2018-09-03', null),

-- Employee 1006 (2 titles)
(1006, 'IT Support', '2019-08-11', '2021-08-10'),
(1006, 'Systems Analyst', '2021-08-11', null),

-- Employee 1007 (1 title)
(1007, 'Junior Accountant', '2021-01-05', null),

-- Employee 1008 (2 titles)
(1008, 'Network Engineer', '2016-07-22', '2019-07-21'),
(1008, 'IT Manager', '2019-07-22', null),

-- Employee 1009 (2 titles)
(1009, 'Recruitment Specialist', '2018-12-10', '2021-12-09'),
(1009, 'HR Manager', '2021-12-10', null),

-- Employee 1010 (2 titles)
(1010, 'IT Director', '2014-05-27', '2019-05-26'),
(1010, 'CTO', '2019-05-27', null),

-- Employee 1011 (2 titles)
(1011, 'Digital Marketing', '2020-09-18', '2022-09-17'),
(1011, 'Marketing Coordinator', '2022-09-18', null),

-- Employee 1012 (2 titles)
(1012, 'Finance Analyst', '2017-04-25', '2020-04-24'),
(1012, 'Finance Manager', '2020-04-25', null),

-- Employee 1013 (2 titles)
(1013, 'Sales Executive', '2019-11-08', '2022-11-07'),
(1013, 'Sales Manager', '2022-11-08', null),

-- Employee 1014 (3 titles)
(1014, 'Project Coordinator', '2015-12-01', '2018-11-30'),
(1014, 'Project Manager', '2018-12-01', '2021-11-30'),
(1014, 'Senior Project Manager', '2021-12-01', null),

-- Employee 1015 (1 title)
(1015, 'Data Analyst', '2021-03-17', null),

-- Employee 1016 (2 titles)
(1016, 'HR Generalist', '2018-07-29', '2021-07-28'),
(1016, 'HR Manager', '2021-07-29', null),

-- Employee 1017 (2 titles)
(1017, 'Software Developer', '2020-06-12', '2022-08-31'),
(1017, 'Marketing Technologist', '2022-09-01', null),

-- Employee 1018 (2 titles)
(1018, 'Operations Coordinator', '2016-08-19', '2019-08-18'),
(1018, 'Operations Supervisor', '2019-08-19', null),

-- Employee 1019 (3 titles)
(1019, 'Junior Developer', '2019-04-03', '2020-04-02'),
(1019, 'Software Engineer', '2020-04-03', '2022-09-30'),
(1019, 'Tech Lead', '2022-10-01', null),

-- Employee 1020 (2 titles)
(1020, 'Payroll Specialist', '2017-10-09', '2020-04-30'),
(1020, 'Finance Assistant', '2020-05-01', null);

--Salaries
INSERT INTO salaries (emp_no, salary, from_date, to_date) VALUES
(1001, 7500000, '2018-03-15', '2019-03-14'),
(1001, 8500000, '2019-03-15', '2020-03-14'),
(1001, 12000000, '2020-03-15', null),
(1002, 6000000, '2019-06-21', '2020-06-20'),
(1002, 7500000, '2020-06-21', '2021-06-20'),
(1002, 9000000, '2021-06-21', null),
(1003, 5500000, '2017-11-30', '2019-11-29'),
(1003, 7000000, '2019-11-30', '2021-11-29'),
(1003, 9500000, '2021-11-30', null),
(1004, 5000000, '2020-02-14', '2021-02-13'),
(1004, 6500000, '2021-02-14', '2022-02-13'),
(1004, 8000000, '2022-02-14', null),
(1005, 11000000, '2015-09-03', '2018-09-02'),
(1005, 13000000, '2018-09-03', null),
(1006, 4500000, '2019-08-11', '2020-08-10'),
(1006, 5500000, '2020-08-11', '2021-08-10'),
(1006, 8000000, '2021-08-11', null),
(1007, 4800000, '2021-01-05', null),
(1008, 8200000, '2016-07-22', '2019-07-21'),
(1008, 9500000, '2019-07-22', null),
(1009, 5200000, '2018-12-10', '2020-12-09'),
(1009, 6800000, '2020-12-10', '2021-12-09'),
(1009, 8500000, '2021-12-10', null),
(1010, 20000000, '2014-05-27', '2019-05-26'),
(1010, 25000000, '2019-05-27', null),
(1011, 4700000, '2020-09-18', '2021-09-17'),
(1011, 6000000, '2021-09-18', '2022-09-17'),
(1011, 7500000, '2022-09-18', null),
(1012, 12500000, '2017-04-25', '2020-04-24'),
(1012, 15000000, '2020-04-25', null),
(1013, 5100000, '2019-11-08', '2021-11-07'),
(1013, 7000000, '2021-11-08', '2022-11-07'),
(1013, 9000000, '2022-11-08', null),
(1014, 14000000, '2015-12-01', '2018-11-30'),
(1014, 16000000, '2018-12-01', '2021-11-30'),
(1014, 18000000, '2021-12-01', null),
(1015, 4900000, '2021-03-17', null),
(1016, 11500000, '2018-07-29', '2021-07-28'),
(1016, 13500000, '2021-07-29', null),
(1017, 5300000, '2020-06-12', '2021-06-11'),
(1017, 6500000, '2021-06-12', '2022-08-31'),
(1017, 8000000, '2022-09-01', null),
(1018, 7200000, '2016-08-19', '2019-08-18'),
(1018, 8500000, '2019-08-19', null),
(1019, 5800000, '2019-04-03', '2020-04-02'),
(1019, 7200000, '2020-04-03', '2022-09-30'),
(1019, 11000000, '2022-10-01', null),
(1020, 5600000, '2017-10-09', '2019-10-08'),
(1020, 7100000, '2019-10-09', '2020-04-30'),
(1020, 7800000, '2020-05-01', null);
